school_name,year,total_candidates,main_admitted,reserve_admitted,retained,poached,unplaced,retention_rate
中原大學,113,249,93,156,96,109,44,38.6
中原大學,114,259,91,168,99,115,45,38.2
中原大學,115,256,94,162,102,115,39,39.8
國立臺中科技大學,113,173,58,115,56,73,44,32.4
國立臺中科技大學,114,178,59,119,57,80,41,32.0
國立臺中科技大學,115,174,58,116,58,69,47,33.3
國立臺北商業大學,113,75,24,51,29,33,13,38.7
國立臺北商業大學,114,54,18,36,17,25,12,31.5
國立臺北商業大學,115,63,22,41,15,35,13,23.8
國立雲林科技大學,113,113,36,77,41,39,33,36.3
國立雲林科技大學,114,118,37,81,45,45,28,38.1
國立雲林科技大學,115,105,35,70,50,40,15,47.6
國立高雄科技大學,113,171,57,114,76,61,34,44.4
國立高雄科技大學,114,163,54,109,64,66,33,39.3
國立高雄科技大學,115,165,53,112,50,74,41,30.3
逢甲大學,113,237,88,149,89,94,54,37.6
逢甲大學,114,253,88,165,113,98,42,44.7
逢甲大學,115,261,93,168,112,102,47,42.9
