學年度,全國大一入學新生推估數,統測商管群總報名人數,公立商管預估報考率,中科會資新生生源基數,中科會資日間註冊率推估,風險評級
113,204300,24200,100.0%,164,100.0%,穩健安全
114,198500,23100,100.0%,164,99.2%,穩健安全
115,192800,22000,100.0%,164,99.0%,穩健安全
116,186400,20800,100.0%,164,98.8%,穩健安全
117,177200,19400,98.5%,164,98.5%,虎年海嘯波段
118,172100,18700,98.2%,164,98.0%,微幅承壓
119,169500,18200,97.8%,164,97.8%,微幅承壓
120,165400,17600,97.5%,164,97.5%,需注意私立名校競爭
121,161800,17100,97.0%,164,97.0%,需注意私立名校競爭
122,158200,16600,96.5%,164,96.5%,公立會計護城河考驗
123,154600,16100,96.0%,164,96.0%,公立會計護城河考驗
124,151000,15600,95.5%,164,95.5%,AICPA/永續碳審計數位化深化
125,147500,15100,95.0%,164,95.0%,AICPA/永續碳審計數位化深化
126,144100,14600,94.5%,164,94.5%,五專四技結構整合期
127,140800,14100,94.0%,164,94.0%,五專四技結構整合期
128,137500,13600,93.5%,164,93.5%,大斷崖底限保衛戰
